,tokens,ner_tags,sentence_id
0,As,O,0
1,Ukraine,O,0
2,continues,O,0
3,to,O,0
4,navigate,O,0
5,its,O,0
6,path,O,0
7,through,O,0
8,the,O,0
9,complexities,O,0
10,of,O,0
11,geopolitics,O,0
12,and,O,0
13,regional,O,0
14,dynamics,O,0
15,",",O,0
16,its,O,0
17,people,O,0
18,remain,O,0
19,resilient,O,0
20,",",O,0
21,drawing,O,0
22,strength,O,0
23,from,O,0
24,a,O,0
25,rich,O,0
26,tapestry,O,0
27,of,O,0
28,traditions,O,0
29,and,O,0
30,a,O,0
31,land,O,0
32,that,O,0
33,bears,O,0
34,witness,O,0
35,to,O,0
36,the,O,0
37,passage,O,0
38,of,O,0
39,time,O,0
40,.,O,0
41,Venturing,O,1
42,into,O,1
43,Europe,O,1
44,",",O,1
45,the,O,1
46,Alps,B-MOUNT,1
47,provide,O,1
48,a,O,1
49,geologically,O,1
50,rich,O,1
51,landscape,O,1
52,.,O,1
53,Peaks,O,2
54,like,O,2
55,Toubkal,B-MOUNT,2
56,",",O,2
57,the,O,2
58,highest,O,2
59,in,O,2
60,the,O,2
61,range,O,2
62,",",O,2
63,overlook,O,2
64,traditional,O,2
65,Berber,O,2
66,villages,O,2
67,",",O,2
68,offering,O,2
69,a,O,2
70,glimpse,O,2
71,into,O,2
72,a,O,2
73,timeless,O,2
74,way,O,2
75,of,O,2
76,life,O,2
77,that,O,2
78,has,O,2
79,adapted,O,2
80,to,O,2
81,the,O,2
82,rugged,O,2
83,terrain,O,2
84,.,O,2
85,Journeying,O,3
86,westward,O,3
87,",",O,3
88,the,O,3
89,Sierra,B-MOUNT,3
90,Nevada,I-MOUNT,3
91,Mountains,I-MOUNT,3
92,in,O,3
93,North,O,3
94,America,O,3
95,reveal,O,3
96,their,O,3
97,grandeur,O,3
98,",",O,3
99,with,O,3
100,the,O,3
101,iconic,O,3
102,peaks,O,3
103,of,O,3
104,Mount,B-MOUNT,3
105,Whitney,I-MOUNT,3
106,and,O,3
107,El,B-MOUNT,3
108,Capitan,I-MOUNT,3
109,dominating,O,3
110,the,O,3
111,landscape,O,3
112,.,O,3
113,Here,O,4
114,",",O,4
115,the,O,4
116,air,O,4
117,thins,O,4
118,as,O,4
119,one,O,4
120,ascends,O,4
121,",",O,4
122,revealing,O,4
123,a,O,4
124,world,O,4
125,of,O,4
126,snow-capped,O,4
127,summits,O,4
128,and,O,4
129,high-altitude,O,4
130,ecosystems,O,4
131,that,O,4
132,defy,O,4
133,the,O,4
134,imagination,O,4
135,.,O,4
136,Although,O,5
137,it’s,O,5
138,extremely,O,5
139,dry,O,5
140,",",O,5
141,it,O,5
142,is,O,5
143,a,O,5
144,centre,O,5
145,of,O,5
146,species,O,5
147,endemism,O,5
148,:,O,5
149,many,O,5
150,species,O,5
151,occur,O,5
152,only,O,5
153,there,O,5
154,and,O,5
155,nowhere,O,5
156,else,O,5
157,on,O,5
158,earth,O,5
159,.,O,5
160,The,O,6
161,Ukrainian,O,6
162,spirit,O,6
163,",",O,6
164,resilient,O,6
165,and,O,6
166,unwavering,O,6
167,",",O,6
168,finds,O,6
169,expression,O,6
170,in,O,6
171,the,O,6
172,vibrant,O,6
173,traditions,O,6
174,of,O,6
175,folk,O,6
176,music,O,6
177,",",O,6
178,dance,O,6
179,",",O,6
180,and,O,6
181,colorful,O,6
182,festivals,O,6
183,.,O,6
184,Mount,B-MOUNT,7
185,Fuji,I-MOUNT,7
186,",",O,7
187,an,O,7
188,iconic,O,7
189,symbol,O,7
190,of,O,7
191,Japan,O,7
192,",",O,7
193,stands,O,7
194,as,O,7
195,a,O,7
196,solitary,O,7
197,sentinel,O,7
198,",",O,7
199,its,O,7
200,perfectly,O,7
201,symmetrical,O,7
202,cone,O,7
203,reflected,O,7
204,in,O,7
205,serene,O,7
206,lakes,O,7
207,",",O,7
208,embodying,O,7
209,the,O,7
210,delicate,O,7
211,harmony,O,7
212,between,O,7
213,nature,O,7
214,and,O,7
215,culture,O,7
216,.,O,7
217,The,O,8
218,Rockies,B-MOUNT,8
219,",",O,8
220,with,O,8
221,their,O,8
222,towering,O,8
223,summits,O,8
224,and,O,8
225,crystalline,O,8
226,lakes,O,8
227,",",O,8
228,harbor,O,8
229,ecosystems,O,8
230,that,O,8
231,have,O,8
232,adapted,O,8
233,to,O,8
234,extreme,O,8
235,conditions,O,8
236,",",O,8
237,creating,O,8
238,a,O,8
239,haven,O,8
240,for,O,8
241,diverse,O,8
242,flora,O,8
243,and,O,8
244,fauna,O,8
245,.,O,8
246,In,O,9
247,the,O,9
248,vast,O,9
249,tapestry,O,9
250,of,O,9
251,our,O,9
252,planet,O,9
253,",",O,9
254,where,O,9
255,nature,O,9
256,weaves,O,9
257,its,O,9
258,intricate,O,9
259,patterns,O,9
260,across,O,9
261,continents,O,9
262,",",O,9
263,the,O,9
264,grandeur,O,9
265,of,O,9
266,the,O,9
267,Earth,O,9
268,unfolds,O,9
269,in,O,9
270,breathtaking,O,9
271,landscapes,O,9
272,that,O,9
273,range,O,9
274,from,O,9
275,the,O,9
276,towering,O,9
277,peaks,O,9
278,of,O,9
279,the,B-MOUNT,9
280,Caucasus,I-MOUNT,9
281,to,O,9
282,the,O,9
283,serene,O,9
284,valleys,O,9
285,of,O,9
286,the,B-MOUNT,9
287,Great,I-MOUNT,9
288,Dividing,I-MOUNT,9
289,Range,I-MOUNT,9
290,.,O,9
291,Imagine,O,10
292,standing,O,10
293,on,O,10
294,the,O,10
295,rugged,O,10
296,slopes,O,10
297,of,O,10
298,Kazbek,B-MOUNT,10
299,",",O,10
300,a,O,10
301,stratovolcano,O,10
302,in,O,10
303,the,O,10
304,Caucasus,B-MOUNT,10
305,Mountains,I-MOUNT,10
306,",",O,10
307,where,O,10
308,the,O,10
309,air,O,10
310,is,O,10
311,crisp,O,10
312,",",O,10
313,and,O,10
314,the,O,10
315,panorama,O,10
316,stretches,O,10
317,to,O,10
318,the,O,10
319,horizon,O,10
320,.,O,10
321,Nature's,O,11
322,masterpiece,O,11
323,extends,O,11
324,to,O,11
325,the,O,11
326,Southern,O,11
327,Hemisphere,O,11
328,",",O,11
329,where,O,11
330,the,O,11
331,Andes,B-MOUNT,11
332,continue,O,11
333,to,O,11
334,weave,O,11
335,their,O,11
336,magic,O,11
337,.,O,11
338,Peaks,O,12
339,like,O,12
340,Denali,B-MOUNT,12
341,",",O,12
342,the,O,12
343,tallest,O,12
344,in,O,12
345,North,B-MOUNT,12
346,America,I-MOUNT,12
347,",",O,12
348,pierce,O,12
349,the,O,12
350,Alaskan,O,12
351,sky,O,12
352,",",O,12
353,reminding,O,12
354,us,O,12
355,of,O,12
356,the,O,12
357,untamed,O,12
358,wilderness,O,12
359,that,O,12
360,still,O,12
361,thrives,O,12
362,in,O,12
363,the,O,12
364,northern,O,12
365,reaches,O,12
366,of,O,12
367,the,O,12
368,continent,O,12
369,.,O,12
370,Peaks,O,13
371,like,O,13
372,Gerlachovský,B-MOUNT,13
373,štít,I-MOUNT,13
374,and,O,13
375,Moldoveanu,B-MOUNT,13
376,rise,O,13
377,above,O,13
378,dense,O,13
379,forests,O,13
380,",",O,13
381,harboring,O,13
382,wolves,O,13
383,",",O,13
384,bears,O,13
385,",",O,13
386,and,O,13
387,a,O,13
388,rich,O,13
389,tapestry,O,13
390,of,O,13
391,flora,O,13
392,that,O,13
393,paints,O,13
394,the,O,13
395,mountains,O,13
396,with,O,13
397,vibrant,O,13
398,colors,O,13
399,.,O,13
400,Because,O,14
401,of,O,14
402,the,O,14
403,high,O,14
404,cost,O,14
405,and,O,14
406,complicated,O,14
407,logistics,O,14
408,",",O,14
409,we,O,14
410,had,O,14
411,to,O,14
412,limit,O,14
413,the,O,14
414,visit,O,14
415,to,O,14
416,a,O,14
417,few,O,14
418,days,O,14
419,on,O,14
420,each,O,14
421,of,O,14
422,three,O,14
423,mountain,O,14
424,tops,O,14
425,.,O,14
426,As,O,15
427,we,O,15
428,immerse,O,15
429,ourselves,O,15
430,in,O,15
431,the,O,15
432,beauty,O,15
433,of,O,15
434,these,O,15
435,landscapes,O,15
436,",",O,15
437,let,O,15
438,us,O,15
439,not,O,15
440,forget,O,15
441,that,O,15
442,nature's,O,15
443,wonders,O,15
444,extend,O,15
445,beyond,O,15
446,the,O,15
447,grandeur,O,15
448,of,O,15
449,mountains,O,15
450,.,O,15
451,As,O,16
452,the,O,16
453,sun,O,16
454,sets,O,16
455,over,O,16
456,the,O,16
457,Scandinavian,O,16
458,wilderness,O,16
459,",",O,16
460,the,O,16
461,Norwegian,O,16
462,mountains,O,16
463,",",O,16
464,including,O,16
465,Galdhøpiggen,B-MOUNT,16
466,and,O,16
467,Glittertind,B-MOUNT,16
468,",",O,16
469,paint,O,16
470,a,O,16
471,picture,O,16
472,of,O,16
473,serene,O,16
474,beauty,O,16
475,.,O,16
476,Ukraine's,O,17
477,culinary,O,17
478,landscape,O,17
479,is,O,17
480,equally,O,17
481,diverse,O,17
482,",",O,17
483,with,O,17
484,borscht,O,17
485,",",O,17
486,pierogi,O,17
487,",",O,17
488,and,O,17
489,varenyky,O,17
490,taking,O,17
491,center,O,17
492,stage,O,17
493,.,O,17
494,From,O,18
495,the,O,18
496,ancient,O,18
497,Appalachian,B-MOUNT,18
498,Mountains,I-MOUNT,18
499,of,O,18
500,North,O,18
501,America,O,18
502,to,O,18
503,the,O,18
504,volcanic,O,18
505,peaks,O,18
506,of,O,18
507,the,O,18
508,Ring,B-MOUNT,18
509,of,I-MOUNT,18
510,Fire,I-MOUNT,18
511,in,O,18
512,the,O,18
513,Pacific,O,18
514,",",O,18
515,the,O,18
516,Earth's,O,18
517,geological,O,18
518,diversity,O,18
519,is,O,18
520,a,O,18
521,testament,O,18
522,to,O,18
523,the,O,18
524,ceaseless,O,18
525,dance,O,18
526,of,O,18
527,continents,O,18
528,and,O,18
529,the,O,18
530,transformative,O,18
531,power,O,18
532,of,O,18
533,time,O,18
534,.,O,18
535,The,O,19
536,Maori,O,19
537,legends,O,19
538,intertwine,O,19
539,with,O,19
540,the,O,19
541,rugged,O,19
542,beauty,O,19
543,of,O,19
544,these,O,19
545,peaks,O,19
546,",",O,19
547,creating,O,19
548,a,O,19
549,cultural,O,19
550,tapestry,O,19
551,that,O,19
552,enriches,O,19
553,the,O,19
554,appreciation,O,19
555,of,O,19
556,the,O,19
557,natural,O,19
558,wonders,O,19
559,.,O,19
560,The,O,20
561,geothermal,O,20
562,activity,O,20
563,in,O,20
564,this,O,20
565,region,O,20
566,is,O,20
567,a,O,20
568,reminder,O,20
569,of,O,20
570,the,O,20
571,Earth's,O,20
572,internal,O,20
573,heat,O,20
574,",",O,20
575,manifesting,O,20
576,in,O,20
577,hot,O,20
578,springs,O,20
579,",",O,20
580,geysers,O,20
581,",",O,20
582,and,O,20
583,active,O,20
584,volcanoes,O,20
585,.,O,20
586,Imagine,O,21
587,standing,O,21
588,amidst,O,21
589,the,O,21
590,lush,O,21
591,valleys,O,21
592,of,O,21
593,the,O,21
594,Cascade,B-MOUNT,21
595,Range,I-MOUNT,21
596,",",O,21
597,with,O,21
598,the,O,21
599,towering,O,21
600,presence,O,21
601,of,O,21
602,Mount,B-MOUNT,21
603,Hood,I-MOUNT,21
604,reaching,O,21
605,towards,O,21
606,the,O,21
607,heavens,O,21
608,",",O,21
609,a,O,21
610,sentinel,O,21
611,of,O,21
612,the,O,21
613,Pacific,O,21
614,Northwest,O,21
615,.,O,21
616,The,O,22
617,mountain,O,22
618,tops,O,22
619,were,O,22
620,selected,O,22
621,based,O,22
622,on,O,22
623,their,O,22
624,altitude,O,22
625,and,O,22
626,remoteness,O,22
627,.,O,22
628,In,O,23
629,every,O,23
630,corner,O,23
631,of,O,23
632,the,O,23
633,globe,O,23
634,",",O,23
635,from,O,23
636,the,O,23
637,fjords,O,23
638,of,O,23
639,Scandinavia,O,23
640,to,O,23
641,the,O,23
642,deserts,O,23
643,of,O,23
644,the,O,23
645,American,B-MOUNT,23
646,Southwest,I-MOUNT,23
647,",",O,23
648,nature,O,23
649,reveals,O,23
650,its,O,23
651,boundless,O,23
652,creativity,O,23
653,and,O,23
654,resilience,O,23
655,.,O,23
656,As,O,24
657,one,O,24
658,ascends,O,24
659,through,O,24
660,moss-covered,O,24
661,forests,O,24
662,and,O,24
663,otherworldly,O,24
664,landscapes,O,24
665,",",O,24
666,it,O,24
667,becomes,O,24
668,clear,O,24
669,that,O,24
670,these,O,24
671,peaks,O,24
672,are,O,24
673,not,O,24
674,merely,O,24
675,geographical,O,24
676,features,O,24
677,but,O,24
678,guardians,O,24
679,of,O,24
680,biodiversity,O,24
681,",",O,24
682,home,O,24
683,to,O,24
684,unique,O,24
685,flora,O,24
686,and,O,24
687,fauna,O,24
688,found,O,24
689,nowhere,O,24
690,else,O,24
691,on,O,24
692,Earth,O,24
693,.,O,24
694,Venturing,O,25
695,into,O,25
696,the,O,25
697,heart,O,25
698,of,O,25
699,South,O,25
700,America,O,25
701,",",O,25
702,the,O,25
703,Venezuelan,O,25
704,Andes,O,25
705,introduce,O,25
706,the,O,25
707,world,O,25
708,to,O,25
709,Pico,B-MOUNT,25
710,Bolívar,I-MOUNT,25
711,",",O,25
712,the,O,25
713,highest,O,25
714,peak,O,25
715,in,O,25
716,Venezuela,O,25
717,.,O,25
718,Peaks,O,26
719,like,O,26
720,Kangchenjunga,B-MOUNT,26
721,and,O,26
722,Annapurna,B-MOUNT,26
723,",",O,26
724,each,O,26
725,with,O,26
726,its,O,26
727,unique,O,26
728,allure,O,26
729,",",O,26
730,add,O,26
731,to,O,26
732,the,O,26
733,mystique,O,26
734,of,O,26
735,this,O,26
736,sacred,O,26
737,mountain,O,26
738,range,O,26
739,",",O,26
740,where,O,26
741,every,O,26
742,ascent,O,26
743,is,O,26
744,a,O,26
745,dance,O,26
746,with,O,26
747,both,O,26
748,the,O,26
749,heavens,O,26
750,and,O,26
751,the,O,26
752,limits,O,26
753,of,O,26
754,human,O,26
755,endurance,O,26
756,.,O,26
757,The,O,27
758,snow-capped,O,27
759,peaks,O,27
760,of,O,27
761,Elbrus,B-MOUNT,27
762,",",O,27
763,the,O,27
764,highest,O,27
765,in,O,27
766,Europe,O,27
767,",",O,27
768,dominate,O,27
769,the,O,27
770,skyline,O,27
771,",",O,27
772,inviting,O,27
773,climbers,O,27
774,and,O,27
775,dreamers,O,27
776,to,O,27
777,explore,O,27
778,the,O,27
779,alpine,O,27
780,wonders,O,27
781,of,O,27
782,this,O,27
783,ancient,O,27
784,mountain,O,27
785,range,O,27
786,.,O,27
787,The,O,28
788,Rwenzori,B-MOUNT,28
789,Mountains,I-MOUNT,28
790,",",O,28
791,with,O,28
792,their,O,28
793,glaciers,O,28
794,and,O,28
795,unique,O,28
796,ecosystems,O,28
797,",",O,28
798,are,O,28
799,a,O,28
800,consequence,O,28
801,of,O,28
802,this,O,28
803,tectonic,O,28
804,activity,O,28
805,.,O,28
806,The,O,29
807,tranquil,O,29
808,lakes,O,29
809,mirror,O,29
810,the,O,29
811,majesty,O,29
812,of,O,29
813,these,O,29
814,Italian,B-MOUNT,29
815,mountains,I-MOUNT,29
816,",",O,29
817,inviting,O,29
818,contemplation,O,29
819,in,O,29
820,the,O,29
821,midst,O,29
822,of,O,29
823,serene,O,29
824,reflections,O,29
825,.,O,29
826,In,O,30
827,the,O,30
828,far,O,30
829,reaches,O,30
830,of,O,30
831,Oceania,O,30
832,",",O,30
833,the,O,30
834,Southern,O,30
835,Alps,O,30
836,of,O,30
837,New,O,30
838,Zealand,O,30
839,showcase,O,30
840,the,O,30
841,formidable,O,30
842,Aoraki,B-MOUNT,30
843,/,O,30
844,Mount,B-MOUNT,30
845,Cook,I-MOUNT,30
846,",",O,30
847,surrounded,O,30
848,by,O,30
849,glaciers,O,30
850,and,O,30
851,alpine,O,30
852,lakes,O,30
853,.,O,30
854,In,O,31
855,the,O,31
856,grand,O,31
857,theater,O,31
858,of,O,31
859,nature,O,31
860,",",O,31
861,where,O,31
862,the,O,31
863,curtains,O,31
864,of,O,31
865,the,O,31
866,sky,O,31
867,open,O,31
868,to,O,31
869,reveal,O,31
870,the,O,31
871,mesmerizing,O,31
872,landscapes,O,31
873,that,O,31
874,shape,O,31
875,our,O,31
876,world,O,31
877,",",O,31
878,one,O,31
879,cannot,O,31
880,help,O,31
881,but,O,31
882,be,O,31
883,humbled,O,31
884,by,O,31
885,the,O,31
886,sheer,O,31
887,diversity,O,31
888,and,O,31
889,magnificence,O,31
890,of,O,31
891,the,O,31
892,Earth's,O,31
893,features,O,31
894,.,O,31
895,Peaks,O,32
896,like,O,32
897,Nanda,B-MOUNT,32
898,Devi,I-MOUNT,32
899,and,O,32
900,Kangchenjunga,B-MOUNT,32
901,",",O,32
902,among,O,32
903,the,O,32
904,highest,O,32
905,in,O,32
906,the,O,32
907,world,O,32
908,",",O,32
909,beckon,O,32
910,adventurers,O,32
911,to,O,32
912,explore,O,32
913,their,O,32
914,challenging,O,32
915,terrain,O,32
916,",",O,32
917,while,O,32
918,the,O,32
919,Ganges,O,32
920,and,O,32
921,Indus,O,32
922,rivers,O,32
923,originate,O,32
924,from,O,32
925,these,O,32
926,lofty,O,32
927,summits,O,32
928,",",O,32
929,shaping,O,32
930,the,O,32
931,landscapes,O,32
932,they,O,32
933,traverse,O,32
934,.,O,32
935,Traversing,O,33
936,further,O,33
937,east,O,33
938,",",O,33
939,the,O,33
940,majestic,O,33
941,Tian,B-MOUNT,33
942,Shan,I-MOUNT,33
943,Mountains,O,33
944,in,O,33
945,Central,O,33
946,Asia,O,33
947,whisper,O,33
948,tales,O,33
949,of,O,33
950,rugged,O,33
951,beauty,O,33
952,.,O,33
953,Peaks,O,34
954,like,O,34
955,Aneto,B-MOUNT,34
956,and,O,34
957,Vignemale,B-MOUNT,34
958,rise,O,34
959,above,O,34
960,rolling,O,34
961,meadows,O,34
962,",",O,34
963,providing,O,34
964,a,O,34
965,haven,O,34
966,for,O,34
967,hikers,O,34
968,and,O,34
969,a,O,34
970,sanctuary,O,34
971,for,O,34
972,biodiversity,O,34
973,.,O,34
974,The,O,35
975,relentless,O,35
976,pressure,O,35
977,generated,O,35
978,by,O,35
979,this,O,35
980,collision,O,35
981,has,O,35
982,thrust,O,35
983,the,O,35
984,Earth's,O,35
985,crust,O,35
986,skyward,O,35
987,",",O,35
988,creating,O,35
989,some,O,35
990,of,O,35
991,the,O,35
992,world's,O,35
993,tallest,O,35
994,peaks,O,35
995,",",O,35
996,including,O,35
997,the,O,35
998,renowned,O,35
999,Mount,B-MOUNT,35
1000,Everest,I-MOUNT,35
1001,",",O,35
1002,Lhotse,B-MOUNT,35
1003,",",O,35
1004,and,O,35
1005,Makalu,B-MOUNT,35
1006,.,O,35
1007,In,O,36
1008,the,O,36
1009,embrace,O,36
1010,of,O,36
1011,nature's,O,36
1012,sprawling,O,36
1013,tapestry,O,36
1014,",",O,36
1015,where,O,36
1016,every,O,36
1017,sunrise,O,36
1018,paints,O,36
1019,a,O,36
1020,unique,O,36
1021,masterpiece,O,36
1022,",",O,36
1023,one,O,36
1024,finds,O,36
1025,solace,O,36
1026,and,O,36
1027,wonder,O,36
1028,in,O,36
1029,the,O,36
1030,diverse,O,36
1031,landscapes,O,36
1032,that,O,36
1033,adorn,O,36
1034,our,O,36
1035,planet,O,36
1036,.,O,36
1037,From,O,37
1038,the,O,37
1039,iconic,O,37
1040,peaks,O,37
1041,of,O,37
1042,the,O,37
1043,Rocky,B-MOUNT,37
1044,Mountains,I-MOUNT,37
1045,to,O,37
1046,the,O,37
1047,hidden,O,37
1048,gems,O,37
1049,of,O,37
1050,the,O,37
1051,Japanese,B-MOUNT,37
1052,Alps,I-MOUNT,37
1053,",",O,37
1054,each,O,37
1055,mountain,O,37
1056,range,O,37
1057,contributes,O,37
1058,to,O,37
1059,the,O,37
1060,global,O,37
1061,symphony,O,37
1062,of,O,37
1063,ecosystems,O,37
1064,",",O,37
1065,a,O,37
1066,harmonious,O,37
1067,collaboration,O,37
1068,that,O,37
1069,sustains,O,37
1070,life,O,37
1071,on,O,37
1072,our,O,37
1073,planet,O,37
1074,.,O,37
1075,The,O,38
1076,sheer,O,38
1077,magnitude,O,38
1078,of,O,38
1079,these,O,38
1080,giants,O,38
1081,humbles,O,38
1082,even,O,38
1083,the,O,38
1084,most,O,38
1085,intrepid,O,38
1086,adventurers,O,38
1087,",",O,38
1088,offering,O,38
1089,a,O,38
1090,glimpse,O,38
1091,into,O,38
1092,the,O,38
1093,profound,O,38
1094,forces,O,38
1095,that,O,38
1096,shape,O,38
1097,our,O,38
1098,planet,O,38
1099,.,O,38
1100,Strolling,O,39
1101,through,O,39
1102,the,O,39
1103,historic,O,39
1104,streets,O,39
1105,of,O,39
1106,Podil,O,39
1107,and,O,39
1108,marveling,O,39
1109,at,O,39
1110,the,O,39
1111,architectural,O,39
1112,gems,O,39
1113,along,O,39
1114,Khreshchatyk,O,39
1115,Street,O,39
1116,",",O,39
1117,one,O,39
1118,can,O,39
1119,feel,O,39
1120,the,O,39
1121,pulse,O,39
1122,of,O,39
1123,a,O,39
1124,city,O,39
1125,that,O,39
1126,has,O,39
1127,endured,O,39
1128,centuries,O,39
1129,of,O,39
1130,triumphs,O,39
1131,and,O,39
1132,tribulations,O,39
1133,.,O,39
1134,As,O,40
1135,the,O,40
1136,sun,O,40
1137,sets,O,40
1138,over,O,40
1139,the,O,40
1140,Rockies,B-MOUNT,40
1141,in,O,40
1142,North,O,40
1143,America,O,40
1144,",",O,40
1145,peaks,O,40
1146,like,O,40
1147,Denali,B-MOUNT,40
1148,in,O,40
1149,Alaska,O,40
1150,and,O,40
1151,Mount,B-MOUNT,40
1152,Elbert,I-MOUNT,40
1153,in,O,40
1154,Colorado,O,40
1155,cast,O,40
1156,long,O,40
1157,shadows,O,40
1158,over,O,40
1159,the,O,40
1160,rugged,O,40
1161,terrain,O,40
1162,",",O,40
1163,reminding,O,40
1164,us,O,40
1165,of,O,40
1166,the,O,40
1167,vastness,O,40
1168,and,O,40
1169,diversity,O,40
1170,of,O,40
1171,the,O,40
1172,continent,O,40
1173,.,O,40
1174,Let's,O,41
1175,embark,O,41
1176,on,O,41
1177,a,O,41
1178,geological,O,41
1179,journey,O,41
1180,",",O,41
1181,exploring,O,41
1182,the,O,41
1183,intricacies,O,41
1184,of,O,41
1185,tectonic,O,41
1186,plates,O,41
1187,",",O,41
1188,the,O,41
1189,sculpting,O,41
1190,power,O,41
1191,of,O,41
1192,erosion,O,41
1193,",",O,41
1194,and,O,41
1195,the,O,41
1196,majestic,O,41
1197,formations,O,41
1198,that,O,41
1199,define,O,41
1200,our,O,41
1201,world,O,41
1202,.,O,41
1203,Crossing,O,42
1204,continents,O,42
1205,",",O,42
1206,the,O,42
1207,ethereal,O,42
1208,glow,O,42
1209,of,O,42
1210,dawn,O,42
1211,illuminates,O,42
1212,the,O,42
1213,Himalayas,B-MOUNT,42
1214,",",O,42
1215,home,O,42
1216,to,O,42
1217,the,O,42
1218,formidable,O,42
1219,peaks,O,42
1220,of,O,42
1221,Annapurna,B-MOUNT,42
1222,and,O,42
1223,the,O,42
1224,legendary,O,42
1225,Mount,B-MOUNT,42
1226,Everest,I-MOUNT,42
1227,.,O,42
1228,This,O,43
1229,dynamic,O,43
1230,interaction,O,43
1231,has,O,43
1232,given,O,43
1233,rise,O,43
1234,to,O,43
1235,the,O,43
1236,impressive,O,43
1237,stratovolcanoes,O,43
1238,like,O,43
1239,Cotopaxi,B-MOUNT,43
1240,and,O,43
1241,the,O,43
1242,towering,O,43
1243,peaks,O,43
1244,of,O,43
1245,the,O,43
1246,Andean,B-MOUNT,43
1247,range,O,43
1248,.,O,43
1249,Each,O,44
1250,mountain,O,44
1251,range,O,44
1252,",",O,44
1253,with,O,44
1254,its,O,44
1255,unique,O,44
1256,character,O,44
1257,and,O,44
1258,story,O,44
1259,",",O,44
1260,contributes,O,44
1261,to,O,44
1262,the,O,44
1263,rich,O,44
1264,tapestry,O,44
1265,of,O,44
1266,our,O,44
1267,planet's,O,44
1268,natural,O,44
1269,heritage,O,44
1270,.,O,44
1271,In,O,45
1272,the,O,45
1273,grand,O,45
1274,narrative,O,45
1275,of,O,45
1276,nature,O,45
1277,",",O,45
1278,where,O,45
1279,every,O,45
1280,mountain,O,45
1281,tells,O,45
1282,a,O,45
1283,story,O,45
1284,",",O,45
1285,we,O,45
1286,find,O,45
1287,ourselves,O,45
1288,immersed,O,45
1289,in,O,45
1290,a,O,45
1291,tale,O,45
1292,of,O,45
1293,geological,O,45
1294,wonders,O,45
1295,",",O,45
1296,ecological,O,45
1297,marvels,O,45
1298,",",O,45
1299,and,O,45
1300,the,O,45
1301,timeless,O,45
1302,beauty,O,45
1303,that,O,45
1304,has,O,45
1305,inspired,O,45
1306,poets,O,45
1307,",",O,45
1308,artists,O,45
1309,",",O,45
1310,and,O,45
1311,explorers,O,45
1312,throughout,O,45
1313,the,O,45
1314,ages,O,45
1315,.,O,45
1316,Next,O,46
1317,morning,O,46
1318,",",O,46
1319,the,O,46
1320,real,O,46
1321,adventure,O,46
1322,started,O,46
1323,with,O,46
1324,a,O,46
1325,highly,O,46
1326,thrilling,O,46
1327,jeep,O,46
1328,ride,O,46
1329,to,O,46
1330,Paye,B-MOUNT,46
1331,Meadows,I-MOUNT,46
1332,",",O,46
1333,this,O,46
1334,is,O,46
1335,a,O,46
1336,high,O,46
1337,altitude,O,46
1338,paradise,O,46
1339,that,O,46
1340,is,O,46
1341,nestled,O,46
1342,amidst,O,46
1343,the,O,46
1344,majestic,O,46
1345,range,O,46
1346,of,O,46
1347,Himalaya,B-MOUNT,46
1348,.,O,46
1349,The,O,47
1350,golden,O,47
1351,domes,O,47
1352,of,O,47
1353,St.,O,47
1354,Sophia's,O,47
1355,Cathedral,O,47
1356,and,O,47
1357,Kyiv,O,47
1358,Pechersk,O,47
1359,Lavra,O,47
1360,",",O,47
1361,a,O,47
1362,UNESCO,O,47
1363,World,O,47
1364,Heritage,O,47
1365,site,O,47
1366,",",O,47
1367,bear,O,47
1368,witness,O,47
1369,to,O,47
1370,the,O,47
1371,city's,O,47
1372,rich,O,47
1373,religious,O,47
1374,and,O,47
1375,cultural,O,47
1376,heritage,O,47
1377,.,O,47
1378,Geology,O,48
1379,",",O,48
1380,as,O,48
1381,a,O,48
1382,science,O,48
1383,",",O,48
1384,allows,O,48
1385,us,O,48
1386,to,O,48
1387,decipher,O,48
1388,the,O,48
1389,Earth's,O,48
1390,narrative,O,48
1391,",",O,48
1392,unraveling,O,48
1393,the,O,48
1394,tales,O,48
1395,written,O,48
1396,in,O,48
1397,its,O,48
1398,rocks,O,48
1399,and,O,48
1400,landforms,O,48
1401,.,O,48
1402,In,O,49
1403,the,O,49
1404,heart,O,49
1405,of,O,49
1406,the,O,49
1407,European,O,49
1408,continent,O,49
1409,",",O,49
1410,the,O,49
1411,Carpathian,B-MOUNT,49
1412,Mountains,I-MOUNT,49
1413,unveil,O,49
1414,a,O,49
1415,landscape,O,49
1416,of,O,49
1417,untamed,O,49
1418,wilderness,O,49
1419,.,O,49
1420,Its,O,50
1421,snow-capped,O,50
1422,peaks,O,50
1423,",",O,50
1424,glistening,O,50
1425,in,O,50
1426,the,O,50
1427,equatorial,O,50
1428,sunlight,O,50
1429,",",O,50
1430,are,O,50
1431,a,O,50
1432,testament,O,50
1433,to,O,50
1434,the,O,50
1435,diverse,O,50
1436,landscapes,O,50
1437,that,O,50
1438,grace,O,50
1439,our,O,50
1440,planet,O,50
1441,.,O,50
1442,In,O,51
1443,the,O,51
1444,heart,O,51
1445,of,O,51
1446,Africa,O,51
1447,",",O,51
1448,Kilimanjaro,B-MOUNT,51
1449,stands,O,51
1450,as,O,51
1451,a,O,51
1452,testament,O,51
1453,to,O,51
1454,the,O,51
1455,continent's,O,51
1456,diverse,O,51
1457,landscapes,O,51
1458,.,O,51
1459,Embarking,O,52
1460,on,O,52
1461,a,O,52
1462,journey,O,52
1463,through,O,52
1464,the,O,52
1465,Carpathian,B-MOUNT,52
1466,Mountains,I-MOUNT,52
1467,",",O,52
1468,the,O,52
1469,Ukrainian,O,52
1470,landscape,O,52
1471,takes,O,52
1472,on,O,52
1473,a,O,52
1474,new,O,52
1475,dimension,O,52
1476,.,O,52
1477,New,O,53
1478,species,O,53
1479,continue,O,53
1480,to,O,53
1481,be,O,53
1482,found,O,53
1483,",",O,53
1484,especially,O,53
1485,in,O,53
1486,the,O,53
1487,Ovahimba,B-MOUNT,53
1488,mountain,I-MOUNT,53
1489,range,O,53
1490,",",O,53
1491,which,O,53
1492,runs,O,53
1493,parallel,O,53
1494,to,O,53
1495,the,O,53
1496,cold,O,53
1497,Atlantic,O,53
1498,ocean,O,53
1499,and,O,53
1500,is,O,53
1501,separated,O,53
1502,from,O,53
1503,it,O,53
1504,by,O,53
1505,the,O,53
1506,gravel,O,53
1507,plains,O,53
1508,and,O,53
1509,dunes,O,53
1510,of,O,53
1511,the,O,53
1512,northern,O,53
1513,Namib,O,53
1514,Desert,O,53
1515,.,O,53
1516,Nestled,O,54
1517,in,O,54
1518,Eastern,O,54
1519,Europe,O,54
1520,",",O,54
1521,Ukraine,O,54
1522,unfolds,O,54
1523,as,O,54
1524,a,O,54
1525,nation,O,54
1526,rich,O,54
1527,in,O,54
1528,history,O,54
1529,",",O,54
1530,culture,O,54
1531,",",O,54
1532,and,O,54
1533,diverse,O,54
1534,landscapes,O,54
1535,.,O,54
1536,As,O,55
1537,we,O,55
1538,traverse,O,55
1539,the,O,55
1540,globe,O,55
1541,",",O,55
1542,from,O,55
1543,the,O,55
1544,Appalachian,B-MOUNT,55
1545,Mountains,I-MOUNT,55
1546,to,O,55
1547,the,O,55
1548,rugged,O,55
1549,beauty,O,55
1550,of,O,55
1551,Patagonia,B-MOUNT,55
1552,",",O,55
1553,the,O,55
1554,kaleidoscope,O,55
1555,of,O,55
1556,landscapes,O,55
1557,speaks,O,55
1558,a,O,55
1559,universal,O,55
1560,language,O,55
1561,—one,O,55
1562,that,O,55
1563,transcends,O,55
1564,borders,O,55
1565,and,O,55
1566,connects,O,55
1567,us,O,55
1568,all,O,55
1569,to,O,55
1570,the,O,55
1571,profound,O,55
1572,beauty,O,55
1573,of,O,55
1574,our,O,55
1575,planet,O,55
1576,.,O,55
1577,Here,O,56
1578,",",O,56
1579,the,O,56
1580,air,O,56
1581,is,O,56
1582,crisp,O,56
1583,",",O,56
1584,and,O,56
1585,the,O,56
1586,scent,O,56
1587,of,O,56
1588,pine,O,56
1589,needles,O,56
1590,dances,O,56
1591,on,O,56
1592,the,O,56
1593,breeze,O,56
1594,",",O,56
1595,creating,O,56
1596,a,O,56
1597,symphony,O,56
1598,of,O,56
1599,fragrances,O,56
1600,that,O,56
1601,resonate,O,56
1602,with,O,56
1603,the,O,56
1604,soul,O,56
1605,.,O,56
1606,In,O,57
1607,the,O,57
1608,grand,O,57
1609,theater,O,57
1610,of,O,57
1611,our,O,57
1612,planet,O,57
1613,",",O,57
1614,where,O,57
1615,the,O,57
1616,curtains,O,57
1617,of,O,57
1618,the,O,57
1619,sky,O,57
1620,unveil,O,57
1621,landscapes,O,57
1622,that,O,57
1623,captivate,O,57
1624,the,O,57
1625,senses,O,57
1626,",",O,57
1627,the,O,57
1628,diverse,O,57
1629,beauty,O,57
1630,of,O,57
1631,nature,O,57
1632,manifests,O,57
1633,itself,O,57
1634,in,O,57
1635,the,O,57
1636,soaring,O,57
1637,peaks,O,57
1638,and,O,57
1639,tranquil,O,57
1640,valleys,O,57
1641,that,O,57
1642,define,O,57
1643,our,O,57
1644,world,O,57
1645,.,O,57
1646,The,O,58
1647,Andes,B-MOUNT,58
1648,",",O,58
1649,stretching,O,58
1650,like,O,58
1651,a,O,58
1652,mighty,O,58
1653,spine,O,58
1654,through,O,58
1655,several,O,58
1656,countries,O,58
1657,",",O,58
1658,tell,O,58
1659,a,O,58
1660,tale,O,58
1661,of,O,58
1662,ancient,O,58
1663,civilizations,O,58
1664,",",O,58
1665,diverse,O,58
1666,ecosystems,O,58
1667,",",O,58
1668,and,O,58
1669,the,O,58
1670,indomitable,O,58
1671,spirit,O,58
1672,of,O,58
1673,exploration,O,58
1674,.,O,58
1675,The,O,59
1676,Kaokoveld,B-MOUNT,59
1677,region,O,59
1678,",",O,59
1679,covering,O,59
1680,north-western,O,59
1681,Namibia,O,59
1682,and,O,59
1683,south-western,O,59
1684,Angola,O,59
1685,",",O,59
1686,is,O,59
1687,one,O,59
1688,of,O,59
1689,the,O,59
1690,remotest,O,59
1691,areas,O,59
1692,in,O,59
1693,southern,O,59
1694,Africa,O,59
1695,.,O,59
1696,Glaciers,O,60
1697,cascade,O,60
1698,down,O,60
1699,its,O,60
1700,slopes,O,60
1701,",",O,60
1702,creating,O,60
1703,a,O,60
1704,dramatic,O,60
1705,juxtaposition,O,60
1706,of,O,60
1707,ice,O,60
1708,and,O,60
1709,rock,O,60
1710,in,O,60
1711,this,O,60
1712,remote,O,60
1713,corner,O,60
1714,of,O,60
1715,the,O,60
1716,Southern,O,60
1717,Hemisphere,O,60
1718,.,O,60
1719,Nature,O,61
1720,",",O,61
1721,with,O,61
1722,its,O,61
1723,intricate,O,61
1724,tapestry,O,61
1725,of,O,61
1726,mountains,O,61
1727,",",O,61
1728,valleys,O,61
1729,",",O,61
1730,rivers,O,61
1731,",",O,61
1732,and,O,61
1733,forests,O,61
1734,",",O,61
1735,beckons,O,61
1736,us,O,61
1737,to,O,61
1738,explore,O,61
1739,",",O,61
1740,appreciate,O,61
1741,",",O,61
1742,and,O,61
1743,protect,O,61
1744,its,O,61
1745,wonders,O,61
1746,.,O,61
1747,The,O,62
1748,exceptions,O,62
1749,are,O,62
1750,local,O,62
1751,herders,O,62
1752,of,O,62
1753,the,O,62
1754,semi-nomadic,O,62
1755,"Himba,",O,62
1756,who,O,62
1757,drive,O,62
1758,their,O,62
1759,cattle,O,62
1760,and,O,62
1761,goats,O,62
1762,to,O,62
1763,richer,O,62
1764,pastures,O,62
1765,in,O,62
1766,the,O,62
1767,mountains,O,62
1768,during,O,62
1769,dry,O,62
1770,periods,O,62
1771,.,O,62
1772,Peaks,O,63
1773,like,O,63
1774,Khan,B-MOUNT,63
1775,Tengri,I-MOUNT,63
1776,and,O,63
1777,Jengish,B-MOUNT,63
1778,Chokusu,I-MOUNT,63
1779,stand,O,63
1780,as,O,63
1781,guardians,O,63
1782,of,O,63
1783,the,O,63
1784,ancient,O,63
1785,Silk,O,63
1786,Road,O,63
1787,",",O,63
1788,their,O,63
1789,snow-clad,O,63
1790,summits,O,63
1791,a,O,63
1792,testament,O,63
1793,to,O,63
1794,the,O,63
1795,unforgiving,O,63
1796,yet,O,63
1797,captivating,O,63
1798,nature,O,63
1799,of,O,63
1800,high-altitude,O,63
1801,landscapes,O,63
1802,.,O,63
1803,They,O,64
1804,also,O,64
1805,have,O,64
1806,many,O,64
1807,ecological,O,64
1808,niches,O,64
1809,based,O,64
1810,on,O,64
1811,exposure,O,64
1812,to,O,64
1813,wind,O,64
1814,and,O,64
1815,sun,O,64
1816,.,O,64
1817,These,O,65
1818,mountains,O,65
1819,",",O,65
1820,etched,O,65
1821,by,O,65
1822,glaciers,O,65
1823,and,O,65
1824,shaped,O,65
1825,by,O,65
1826,time,O,65
1827,",",O,65
1828,stand,O,65
1829,as,O,65
1830,sentinels,O,65
1831,over,O,65
1832,pristine,O,65
1833,wilderness,O,65
1834,.,O,65
1835,Venture,O,66
1836,further,O,66
1837,",",O,66
1838,and,O,66
1839,the,O,66
1840,mesmerizing,O,66
1841,beauty,O,66
1842,of,O,66
1843,the,O,66
1844,Dolomites,B-MOUNT,66
1845,unfolds,O,66
1846,like,O,66
1847,a,O,66
1848,storybook,O,66
1849,",",O,66
1850,their,O,66
1851,jagged,O,66
1852,limestone,O,66
1853,peaks,O,66
1854,casting,O,66
1855,dramatic,O,66
1856,shadows,O,66
1857,on,O,66
1858,alpine,O,66
1859,meadows,O,66
1860,below,O,66
1861,.,O,66
1862,Consider,O,67
1863,the,O,67
1864,Himalayas,B-MOUNT,67
1865,",",O,67
1866,the,O,67
1867,colossal,O,67
1868,mountain,O,67
1869,range,O,67
1870,that,O,67
1871,crowns,O,67
1872,South,O,67
1873,Asia,O,67
1874,.,O,67
1875,Venture,O,68
1876,eastward,O,68
1877,",",O,68
1878,and,O,68
1879,the,O,68
1880,Himalayas,B-MOUNT,68
1881,",",O,68
1882,crowned,O,68
1883,by,O,68
1884,the,O,68
1885,legendary,O,68
1886,Mount,B-MOUNT,68
1887,Everest,I-MOUNT,68
1888,",",O,68
1889,rise,O,68
1890,majestically,O,68
1891,",",O,68
1892,casting,O,68
1893,a,O,68
1894,spell,O,68
1895,over,O,68
1896,the,O,68
1897,landscapes,O,68
1898,of,O,68
1899,Nepal,O,68
1900,and,O,68
1901,Tibet,O,68
1902,.,O,68
1903,Journeying,O,69
1904,southward,O,69
1905,",",O,69
1906,the,O,69
1907,Andes,B-MOUNT,69
1908,Mountains,I-MOUNT,69
1909,stretch,O,69
1910,across,O,69
1911,South,O,69
1912,America,O,69
1913,",",O,69
1914,boasting,O,69
1915,the,O,69
1916,magnificence,O,69
1917,of,O,69
1918,Aconcagua,B-MOUNT,69
1919,",",O,69
1920,the,O,69
1921,highest,O,69
1922,peak,O,69
1923,in,O,69
1924,the,O,69
1925,Southern,O,69
1926,Hemisphere,O,69
1927,.,O,69
1928,Circling,O,70
1929,back,O,70
1930,to,O,70
1931,the,O,70
1932,Northern,O,70
1933,Hemisphere,O,70
1934,",",O,70
1935,the,O,70
1936,Canadian,O,70
1937,Rockies,O,70
1938,stand,O,70
1939,as,O,70
1940,sentinels,O,70
1941,of,O,70
1942,North,O,70
1943,America,O,70
1944,",",O,70
1945,their,O,70
1946,snow-capped,O,70
1947,peaks,O,70
1948,like,O,70
1949,Mount,B-MOUNT,70
1950,Robson,I-MOUNT,70
1951,and,O,70
1952,Mount,B-MOUNT,70
1953,Columbia,I-MOUNT,70
1954,presiding,O,70
1955,over,O,70
1956,vast,O,70
1957,wilderness,O,70
1958,.,O,70
1959,Glacial,O,71
1960,processes,O,71
1961,",",O,71
1962,from,O,71
1963,the,O,71
1964,movement,O,71
1965,of,O,71
1966,ancient,O,71
1967,ice,O,71
1968,sheets,O,71
1969,to,O,71
1970,the,O,71
1971,carving,O,71
1972,of,O,71
1973,deep,O,71
1974,valleys,O,71
1975,",",O,71
1976,have,O,71
1977,left,O,71
1978,their,O,71
1979,mark,O,71
1980,on,O,71
1981,the,O,71
1982,Alpine,B-MOUNT,71
1983,terrain,O,71
1984,.,O,71
1985,In,O,72
1986,our,O,72
1987,shared,O,72
1988,responsibility,O,72
1989,as,O,72
1990,stewards,O,72
1991,of,O,72
1992,the,O,72
1993,Earth,O,72
1994,",",O,72
1995,may,O,72
1996,we,O,72
1997,find,O,72
1998,inspiration,O,72
1999,in,O,72
2000,the,O,72
2001,breathtaking,O,72
2002,vistas,O,72
2003,of,O,72
2004,the,O,72
2005,world,O,72
2006,s,O,72
2007,mountains,O,72
2008,and,O,72
2009,the,O,72
2010,intricate,O,72
2011,details,O,72
2012,of,O,72
2013,its,O,72
2014,ecosystems,O,72
2015,.,O,72
2016,We,O,73
2017,hypothesised,O,73
2018,that,O,73
2019,the,O,73
2020,mountain,O,73
2021,peaks,O,73
2022,harboured,O,73
2023,a,O,73
2024,large,O,73
2025,number,O,73
2026,of,O,73
2027,species,O,73
2028,",",O,73
2029,especially,O,73
2030,plants,O,73
2031,",",O,73
2032,insects,O,73
2033,and,O,73
2034,reptiles,O,73
2035,.,O,73
2036,Steeped,O,74
2037,in,O,74
2038,folklore,O,74
2039,and,O,74
2040,home,O,74
2041,to,O,74
2042,archaeological,O,74
2043,treasures,O,74
2044,",",O,74
2045,this,O,74
2046,island,O,74
2047,has,O,74
2048,witnessed,O,74
2049,the,O,74
2050,ebb,O,74
2051,and,O,74
2052,flow,O,74
2053,of,O,74
2054,civilizations,O,74
2055,",",O,74
2056,from,O,74
2057,the,O,74
2058,Scythians,O,74
2059,to,O,74
2060,the,O,74
2061,Cossacks,O,74
2062,.,O,74
2063,Descending,O,75
2064,southward,O,75
2065,",",O,75
2066,the,O,75
2067,Crimean,B-MOUNT,75
2068,Peninsula,I-MOUNT,75
2069,unveils,O,75
2070,its,O,75
2071,own,O,75
2072,unique,O,75
2073,charm,O,75
2074,.,O,75
2075,In,O,76
2076,the,O,76
2077,heart,O,76
2078,of,O,76
2079,Africa,O,76
2080,",",O,76
2081,the,O,76
2082,Rwenzori,B-MOUNT,76
2083,Mountains,I-MOUNT,76
2084,",",O,76
2085,often,O,76
2086,shrouded,O,76
2087,in,O,76
2088,mist,O,76
2089,",",O,76
2090,harbor,O,76
2091,the,O,76
2092,mystical,O,76
2093,allure,O,76
2094,of,O,76
2095,Margherita,B-MOUNT,76
2096,Peak,I-MOUNT,76
2097,.,O,76
2098,The,O,77
2099,rift,O,77
2100,",",O,77
2101,where,O,77
2102,the,O,77
2103,African,O,77
2104,Plate,O,77
2105,is,O,77
2106,splitting,O,77
2107,apart,O,77
2108,",",O,77
2109,offers,O,77
2110,a,O,77
2111,glimpse,O,77
2112,into,O,77
2113,the,O,77
2114,future,O,77
2115,formation,O,77
2116,of,O,77
2117,a,O,77
2118,new,O,77
2119,ocean,O,77
2120,.,O,77
2121,Fjords,O,78
2122,carve,O,78
2123,through,O,78
2124,the,O,78
2125,rugged,O,78
2126,terrain,O,78
2127,",",O,78
2128,reflecting,O,78
2129,the,O,78
2130,muted,O,78
2131,colors,O,78
2132,of,O,78
2133,the,O,78
2134,twilight,O,78
2135,sky,O,78
2136,",",O,78
2137,creating,O,78
2138,an,O,78
2139,ethereal,O,78
2140,ambiance,O,78
2141,in,O,78
2142,this,O,78
2143,northern,O,78
2144,realm,O,78
2145,.,O,78
2146,The,O,79
2147,collision,O,79
2148,between,O,79
2149,the,O,79
2150,Pacific,O,79
2151,and,O,79
2152,Indo-Australian,O,79
2153,plates,O,79
2154,has,O,79
2155,uplifted,O,79
2156,these,O,79
2157,mountains,O,79
2158,",",O,79
2159,creating,O,79
2160,stunning,O,79
2161,landscapes,O,79
2162,with,O,79
2163,peaks,O,79
2164,like,O,79
2165,Aoraki,B-MOUNT,79
2166,/,I-MOUNT,79
2167,Mount,I-MOUNT,79
2168,Cook,I-MOUNT,79
2169,and,O,79
2170,Tasman,B-MOUNT,79
2171,Glacier,I-MOUNT,79
2172,.,O,79
2173,From,O,80
2174,the,B-MOUNT,80
2175,Carpathian,I-MOUNT,80
2176,peaks,O,80
2177,to,O,80
2178,the,O,80
2179,Black,O,80
2180,Sea,O,80
2181,shores,O,80
2182,",",O,80
2183,Ukraine,O,80
2184,beckons,O,80
2185,visitors,O,80
2186,to,O,80
2187,explore,O,80
2188,its,O,80
2189,landscapes,O,80
2190,",",O,80
2191,immerse,O,80
2192,themselves,O,80
2193,in,O,80
2194,its,O,80
2195,history,O,80
2196,",",O,80
2197,and,O,80
2198,savor,O,80
2199,the,O,80
2200,warmth,O,80
2201,of,O,80
2202,its,O,80
2203,cultural,O,80
2204,hospitality,O,80
2205,.,O,80
2206,As,O,81
2207,stewards,O,81
2208,of,O,81
2209,this,O,81
2210,irreplaceable,O,81
2211,heritage,O,81
2212,",",O,81
2213,it,O,81
2214,is,O,81
2215,our,O,81
2216,duty,O,81
2217,to,O,81
2218,preserve,O,81
2219,the,O,81
2220,delicate,O,81
2221,balance,O,81
2222,that,O,81
2223,allows,O,81
2224,nature,O,81
2225,to,O,81
2226,thrive,O,81
2227,.,O,81
2228,As,O,82
2229,stewards,O,82
2230,of,O,82
2231,this,O,82
2232,precious,O,82
2233,planet,O,82
2234,",",O,82
2235,we,O,82
2236,are,O,82
2237,entrusted,O,82
2238,with,O,82
2239,the,O,82
2240,responsibility,O,82
2241,to,O,82
2242,appreciate,O,82
2243,",",O,82
2244,preserve,O,82
2245,",",O,82
2246,and,O,82
2247,protect,O,82
2248,the,O,82
2249,wonders,O,82
2250,that,O,82
2251,unfold,O,82
2252,in,O,82
2253,the,O,82
2254,symphony,O,82
2255,of,O,82
2256,nature,O,82
2257,.,O,82
2258,In,O,83
2259,the,O,83
2260,Southern,B-MOUNT,83
2261,Hemisphere,I-MOUNT,83
2262,",",O,83
2263,the,O,83
2264,Southern,B-MOUNT,83
2265,Alps,I-MOUNT,83
2266,of,O,83
2267,New,B-MOUNT,83
2268,Zealand,I-MOUNT,83
2269,showcase,O,83
2270,the,O,83
2271,stunning,O,83
2272,Aoraki,B-MOUNT,83
2273,/,I-MOUNT,83
2274,Mount,I-MOUNT,83
2275,Cook,I-MOUNT,83
2276,",",O,83
2277,a,O,83
2278,beacon,O,83
2279,of,O,83
2280,the,O,83
2281,South,O,83
2282,Island's,O,83
2283,wild,O,83
2284,beauty,O,83
2285,.,O,83
2286,Journey,O,84
2287,westward,O,84
2288,",",O,84
2289,and,O,84
2290,the,O,84
2291,Rocky,B-MOUNT,84
2292,Mountains,I-MOUNT,84
2293,unfurl,O,84
2294,their,O,84
2295,rugged,O,84
2296,expanse,O,84
2297,across,O,84
2298,North,O,84
2299,America,O,84
2300,.,O,84
2301,Journeying,O,85
2302,southward,O,85
2303,",",O,85
2304,the,O,85
2305,Atlas,B-MOUNT,85
2306,Mountains,I-MOUNT,85
2307,rise,O,85
2308,majestically,O,85
2309,in,O,85
2310,North,O,85
2311,Africa,O,85
2312,",",O,85
2313,their,O,85
2314,rocky,O,85
2315,spires,O,85
2316,and,O,85
2317,fertile,O,85
2318,valleys,O,85
2319,creating,O,85
2320,a,O,85
2321,dramatic,O,85
2322,contrast,O,85
2323,to,O,85
2324,the,O,85
2325,arid,O,85
2326,Sahara,B-MOUNT,85
2327,desert,O,85
2328,.,O,85
2329,In,O,86
2330,the,O,86
2331,dance,O,86
2332,of,O,86
2333,mountain,O,86
2334,breezes,O,86
2335,",",O,86
2336,the,O,86
2337,rush,O,86
2338,of,O,86
2339,waterfalls,O,86
2340,",",O,86
2341,and,O,86
2342,the,O,86
2343,rustle,O,86
2344,of,O,86
2345,leaves,O,86
2346,",",O,86
2347,there,O,86
2348,lies,O,86
2349,an,O,86
2350,invitation,O,86
2351,to,O,86
2352,connect,O,86
2353,with,O,86
2354,the,O,86
2355,Earth,O,86
2356,and,O,86
2357,cherish,O,86
2358,the,O,86
2359,profound,O,86
2360,beauty,O,86
2361,that,O,86
2362,sustains,O,86
2363,life,O,86
2364,in,O,86
2365,all,O,86
2366,its,O,86
2367,forms,O,86
2368,.,O,86
2369,At,O,87
2370,each,O,87
2371,campsite,O,87
2372,",",O,87
2373,we,O,87
2374,left,O,87
2375,excitedly,O,87
2376,in,O,87
2377,different,O,87
2378,directions,O,87
2379,",",O,87
2380,to,O,87
2381,return,O,87
2382,and,O,87
2383,exchange,O,87
2384,findings,O,87
2385,and,O,87
2386,stories,O,87
2387,after,O,87
2388,sunset,O,87
2389,.,O,87
2390,Meanwhile,O,88
2391,",",O,88
2392,the,O,88
2393,Grand,B-MOUNT,88
2394,Tetons,I-MOUNT,88
2395,stand,O,88
2396,as,O,88
2397,sentinels,O,88
2398,of,O,88
2399,Wyoming's,O,88
2400,wild,O,88
2401,beauty,O,88
2402,",",O,88
2403,their,O,88
2404,jagged,O,88
2405,profiles,O,88
2406,etched,O,88
2407,against,O,88
2408,a,O,88
2409,canvas,O,88
2410,of,O,88
2411,alpine,O,88
2412,lakes,O,88
2413,and,O,88
2414,meadows,O,88
2415,.,O,88
2416,Heading,O,89
2417,south,O,89
2418,",",O,89
2419,the,O,89
2420,Andes,B-MOUNT,89
2421,Mountains,I-MOUNT,89
2422,of,O,89
2423,South,O,89
2424,America,O,89
2425,offer,O,89
2426,a,O,89
2427,prime,O,89
2428,example,O,89
2429,of,O,89
2430,subduction,O,89
2431,",",O,89
2432,where,O,89
2433,the,O,89
2434,Nazca,B-MOUNT,89
2435,Plate,I-MOUNT,89
2436,plunges,O,89
2437,beneath,O,89
2438,the,O,89
2439,South,O,89
2440,American,O,89
2441,Plate,O,89
2442,.,O,89
2443,In,O,90
2444,Africa,O,90
2445,",",O,90
2446,the,O,90
2447,East,B-MOUNT,90
2448,African,I-MOUNT,90
2449,Rift,I-MOUNT,90
2450,stands,O,90
2451,as,O,90
2452,a,O,90
2453,testament,O,90
2454,to,O,90
2455,the,O,90
2456,continent's,O,90
2457,geological,O,90
2458,dynamism,O,90
2459,.,O,90
2460,Glaciers,O,91
2461,cascade,O,91
2462,down,O,91
2463,its,O,91
2464,slopes,O,91
2465,",",O,91
2466,carving,O,91
2467,through,O,91
2468,the,O,91
2469,landscape,O,91
2470,and,O,91
2471,feeding,O,91
2472,pristine,O,91
2473,alpine,O,91
2474,lakes,O,91
2475,—a,O,91
2476,testament,O,91
2477,to,O,91
2478,the,O,91
2479,dynamic,O,91
2480,forces,O,91
2481,at,O,91
2482,play,O,91
2483,in,O,91
2484,this,O,91
2485,remote,O,91
2486,corner,O,91
2487,of,O,91
2488,the,O,91
2489,world,O,91
2490,.,O,91
2491,The,O,92
2492,Japanese,B-MOUNT,92
2493,Alps,I-MOUNT,92
2494,",",O,92
2495,with,O,92
2496,their,O,92
2497,poetic,O,92
2498,grace,O,92
2499,",",O,92
2500,offer,O,92
2501,a,O,92
2502,different,O,92
2503,perspective,O,92
2504,.,O,92
2505,Formed,O,93
2506,by,O,93
2507,the,O,93
2508,uplifting,O,93
2509,of,O,93
2510,the,O,93
2511,North,O,93
2512,American,O,93
2513,Plate,O,93
2514,",",O,93
2515,this,O,93
2516,expansive,O,93
2517,mountain,O,93
2518,range,O,93
2519,extends,O,93
2520,from,O,93
2521,Canada,O,93
2522,to,O,93
2523,the,O,93
2524,United,O,93
2525,States,O,93
2526,",",O,93
2527,showcasing,O,93
2528,peaks,O,93
2529,like,O,93
2530,Denali,B-MOUNT,93
2531,in,O,93
2532,Alaska,O,93
2533,and,O,93
2534,Longs,B-MOUNT,93
2535,Peak,I-MOUNT,93
2536,in,O,93
2537,Colorado,O,93
2538,.,O,93
2539,The,O,94
2540,bustling,O,94
2541,markets,O,94
2542,of,O,94
2543,Lviv,O,94
2544,and,O,94
2545,Odessa,O,94
2546,offer,O,94
2547,a,O,94
2548,sensory,O,94
2549,feast,O,94
2550,",",O,94
2551,showcasing,O,94
2552,the,O,94
2553,agricultural,O,94
2554,abundance,O,94
2555,and,O,94
2556,culinary,O,94
2557,creativity,O,94
2558,that,O,94
2559,define,O,94
2560,Ukrainian,O,94
2561,cuisine,O,94
2562,.,O,94
2563,The,O,95
2564,geology,O,95
2565,of,O,95
2566,Oceania,O,95
2567,is,O,95
2568,prominently,O,95
2569,displayed,O,95
2570,in,O,95
2571,the,O,95
2572,Southern,B-MOUNT,95
2573,Alps,I-MOUNT,95
2574,of,O,95
2575,New,B-MOUNT,95
2576,Zealand,I-MOUNT,95
2577,.,O,95
2578,From,O,96
2579,the,O,96
2580,meandering,O,96
2581,rivers,O,96
2582,that,O,96
2583,carve,O,96
2584,through,O,96
2585,valleys,O,96
2586,to,O,96
2587,the,O,96
2588,delicate,O,96
2589,dance,O,96
2590,of,O,96
2591,wildflowers,O,96
2592,in,O,96
2593,alpine,O,96
2594,meadows,O,96
2595,",",O,96
2596,every,O,96
2597,facet,O,96
2598,of,O,96
2599,the,O,96
2600,natural,O,96
2601,world,O,96
2602,tells,O,96
2603,a,O,96
2604,tale,O,96
2605,of,O,96
2606,interconnectedness,O,96
2607,and,O,96
2608,resilience,O,96
2609,.,O,96
2610,In,O,97
2611,every,O,97
2612,mountain,O,97
2613,range,O,97
2614,",",O,97
2615,historic,O,97
2616,site,O,97
2617,",",O,97
2618,and,O,97
2619,village,O,97
2620,square,O,97
2621,",",O,97
2622,Ukraine,O,97
2623,stands,O,97
2624,as,O,97
2625,a,O,97
2626,living,O,97
2627,testament,O,97
2628,to,O,97
2629,the,O,97
2630,enduring,O,97
2631,spirit,O,97
2632,and,O,97
2633,remarkable,O,97
2634,diversity,O,97
2635,of,O,97
2636,Eastern,O,97
2637,Europe,O,97
2638,.,O,97
2639,The,O,98
2640,Pysanka,O,98
2641,Museum,O,98
2642,in,O,98
2643,Kolomyia,O,98
2644,",",O,98
2645,dedicated,O,98
2646,to,O,98
2647,the,O,98
2648,art,O,98
2649,of,O,98
2650,Ukrainian,O,98
2651,Easter,O,98
2652,eggs,O,98
2653,",",O,98
2654,reflects,O,98
2655,the,O,98
2656,nation's,O,98
2657,deep,O,98
2658,connection,O,98
2659,to,O,98
2660,its,O,98
2661,cultural,O,98
2662,roots,O,98
2663,.,O,98
2664,As,O,99
2665,we,O,99
2666,marvel,O,99
2667,at,O,99
2668,the,O,99
2669,grandeur,O,99
2670,of,O,99
2671,mountains,O,99
2672,worldwide,O,99
2673,",",O,99
2674,let,O,99
2675,us,O,99
2676,also,O,99
2677,appreciate,O,99
2678,the,O,99
2679,geological,O,99
2680,forces,O,99
2681,that,O,99
2682,have,O,99
2683,sculpted,O,99
2684,these,O,99
2685,natural,O,99
2686,wonders,O,99
2687,and,O,99
2688,continue,O,99
2689,to,O,99
2690,shape,O,99
2691,the,O,99
2692,ever-evolving,O,99
2693,tapestry,O,99
2694,of,O,99
2695,our,O,99
2696,planet,O,99
2697,.,O,99
2698,In,O,100
2699,the,O,100
2700,midst,O,100
2701,of,O,100
2702,this,O,100
2703,breathtaking,O,100
2704,panorama,O,100
2705,",",O,100
2706,we,O,100
2707,find,O,100
2708,not,O,100
2709,only,O,100
2710,a,O,100
2711,source,O,100
2712,of,O,100
2713,inspiration,O,100
2714,but,O,100
2715,also,O,100
2716,a,O,100
2717,call,O,100
2718,to,O,100
2719,action,O,100
2720,.,O,100
2721,This,O,101
2722,geological,O,101
2723,marvel,O,101
2724,is,O,101
2725,the,O,101
2726,consequence,O,101
2727,of,O,101
2728,the,O,101
2729,ongoing,O,101
2730,collision,O,101
2731,between,O,101
2732,the,O,101
2733,Indian,O,101
2734,and,O,101
2735,Eurasian,O,101
2736,tectonic,O,101
2737,plates,O,101
2738,.,O,101
2739,Venturing,O,102
2740,east,O,102
2741,",",O,102
2742,the,O,102
2743,mighty,O,102
2744,Himalayas,B-MOUNT,102
2745,command,O,102
2746,attention,O,102
2747,with,O,102
2748,their,O,102
2749,unparalleled,O,102
2750,heights,O,102
2751,and,O,102
2752,spiritual,O,102
2753,significance,O,102
2754,.,O,102
2755,This,O,103
2756,region,O,103
2757,",",O,103
2758,known,O,103
2759,for,O,103
2760,its,O,103
2761,mild,O,103
2762,climate,O,103
2763,and,O,103
2764,diverse,O,103
2765,ecosystems,O,103
2766,",",O,103
2767,has,O,103
2768,been,O,103
2769,a,O,103
2770,historical,O,103
2771,crossroads,O,103
2772,for,O,103
2773,civilizations,O,103
2774,",",O,103
2775,with,O,103
2776,remnants,O,103
2777,of,O,103
2778,ancient,O,103
2779,Greek,O,103
2780,",",O,103
2781,Roman,O,103
2782,",",O,103
2783,and,O,103
2784,Ottoman,O,103
2785,influences,O,103
2786,echoing,O,103
2787,through,O,103
2788,its,O,103
2789,landscapes,O,103
2790,.,O,103
2791,In,O,104
2792,the,O,104
2793,old,O,104
2794,continent,O,104
2795,",",O,104
2796,the,O,104
2797,Pyrenees,B-MOUNT,104
2798,Mountains,I-MOUNT,104
2799,",",O,104
2800,with,O,104
2801,their,O,104
2802,diverse,O,104
2803,flora,O,104
2804,and,O,104
2805,fauna,O,104
2806,",",O,104
2807,form,O,104
2808,a,O,104
2809,natural,O,104
2810,border,O,104
2811,between,O,104
2812,Spain,O,104
2813,and,O,104
2814,France,O,104
2815,.,O,104
2816,As,O,105
2817,the,O,105
2818,Andes,B-MOUNT,105
2819,extend,O,105
2820,through,O,105
2821,multiple,O,105
2822,countries,O,105
2823,",",O,105
2824,they,O,105
2825,offer,O,105
2826,a,O,105
2827,breathtaking,O,105
2828,panorama,O,105
2829,of,O,105
2830,alpine,O,105
2831,landscapes,O,105
2832,",",O,105
2833,where,O,105
2834,condors,O,105
2835,soar,O,105
2836,and,O,105
2837,ancient,O,105
2838,cultures,O,105
2839,find,O,105
2840,solace,O,105
2841,in,O,105
2842,the,O,105
2843,high-altitude,O,105
2844,realms,O,105
2845,.,O,105
2846,While,O,106
2847,not,O,106
2848,traditionally,O,106
2849,associated,O,106
2850,with,O,106
2851,towering,O,106
2852,peaks,O,106
2853,",",O,106
2854,the,O,106
2855,Crimean,B-MOUNT,106
2856,Mountains,I-MOUNT,106
2857,",",O,106
2858,including,O,106
2859,Ai-Petri,B-MOUNT,106
2860,and,O,106
2861,Roman-Kosh,B-MOUNT,106
2862,",",O,106
2863,offer,O,106
2864,breathtaking,O,106
2865,vistas,O,106
2866,of,O,106
2867,the,O,106
2868,Black,O,106
2869,Sea,O,106
2870,.,O,106
2871,The,O,107
2872,experience,O,107
2873,was,O,107
2874,truly,O,107
2875,adrenaline,O,107
2876,pumping,O,107
2877,but,O,107
2878,the,O,107
2879,stunning,O,107
2880,views,O,107
2881,of,O,107
2882,lush,O,107
2883,green,O,107
2884,valleys,O,107
2885,and,O,107
2886,tall,O,107
2887,trees,O,107
2888,kept,O,107
2889,me,O,107
2890,mesmerized,O,107
2891,throughout,O,107
2892,the,O,107
2893,journey,O,107
2894,.,O,107
2895,Journeying,O,108
2896,across,O,108
2897,continents,O,108
2898,",",O,108
2899,the,O,108
2900,Andes,B-MOUNT,108
2901,Mountains,I-MOUNT,108
2902,in,O,108
2903,South,O,108
2904,America,O,108
2905,offer,O,108
2906,a,O,108
2907,spectacle,O,108
2908,of,O,108
2909,grandeur,O,108
2910,",",O,108
2911,with,O,108
2912,the,O,108
2913,formidable,O,108
2914,Aconcagua,B-MOUNT,108
2915,towering,O,108
2916,over,O,108
2917,the,O,108
2918,arid,O,108
2919,landscapes,O,108
2920,of,O,108
2921,Argentina,O,108
2922,.,O,108
2923,Far,O,109
2924,to,O,109
2925,the,O,109
2926,east,O,109
2927,",",O,109
2928,the,O,109
2929,Japanese,B-MOUNT,109
2930,Alps,I-MOUNT,109
2931,weave,O,109
2932,a,O,109
2933,delicate,O,109
2934,tapestry,O,109
2935,of,O,109
2936,forests,O,109
2937,and,O,109
2938,valleys,O,109
2939,",",O,109
2940,where,O,109
2941,the,O,109
2942,iconic,O,109
2943,Mount,B-MOUNT,109
2944,Fuji,I-MOUNT,109
2945,reigns,O,109
2946,supreme,O,109
2947,.,O,109
2948,It,O,110
2949,is,O,110
2950,incredibly,O,110
2951,exciting,O,110
2952,to,O,110
2953,plan,O,110
2954,a,O,110
2955,trip,O,110
2956,to,O,110
2957,such,O,110
2958,a,O,110
2959,remote,O,110
2960,and,O,110
2961,beautiful,O,110
2962,wilderness,O,110
2963,area,O,110
2964,where,O,110
2965,few,O,110
2966,people,O,110
2967,have,O,110
2968,intervened,O,110
2969,in,O,110
2970,the,O,110
2971,ecosystem,O,110
2972,.,O,110
2973,Here,O,111
2974,",",O,111
2975,dense,O,111
2976,forests,O,111
2977,give,O,111
2978,way,O,111
2979,to,O,111
2980,alpine,O,111
2981,meadows,O,111
2982,",",O,111
2983,creating,O,111
2984,a,O,111
2985,haven,O,111
2986,for,O,111
2987,biodiversity,O,111
2988,and,O,111
2989,a,O,111
2990,sanctuary,O,111
2991,for,O,111
2992,species,O,111
2993,found,O,111
2994,nowhere,O,111
2995,else,O,111
2996,on,O,111
2997,Earth,O,111
2998,.,O,111
2999,Erosion,O,112
3000,",",O,112
3001,both,O,112
3002,by,O,112
3003,water,O,112
3004,and,O,112
3005,ice,O,112
3006,",",O,112
3007,has,O,112
3008,played,O,112
3009,a,O,112
3010,significant,O,112
3011,role,O,112
3012,in,O,112
3013,shaping,O,112
3014,the,O,112
3015,rugged,O,112
3016,landscapes,O,112
3017,we,O,112
3018,see,O,112
3019,today,O,112
3020,",",O,112
3021,leaving,O,112
3022,behind,O,112
3023,breathtaking,O,112
3024,canyons,O,112
3025,",",O,112
3026,alpine,O,112
3027,meadows,O,112
3028,",",O,112
3029,and,O,112
3030,towering,O,112
3031,cliffs,O,112
3032,.,O,112
3033,The,O,113
3034,highest,O,113
3035,mountain,O,113
3036,peaks,O,113
3037,of,O,113
3038,this,O,113
3039,range,O,113
3040,are,O,113
3041,so,O,113
3042,inhospitable,O,113
3043,and,O,113
3044,difficult,O,113
3045,to,O,113
3046,access,O,113
3047,",",O,113
3048,because,O,113
3049,of,O,113
3050,the,O,113
3051,lack,O,113
3052,of,O,113
3053,roads,O,113
3054,and,O,113
3055,water,O,113
3056,",",O,113
3057,that,O,113
3058,few,O,113
3059,have,O,113
3060,ever,O,113
3061,scaled,O,113
3062,them,O,113
3063,.,O,113
3064,In,O,114
3065,2021,O,114
3066,",",O,114
3067,I,O,114
3068,was,O,114
3069,part,O,114
3070,of,O,114
3071,a,O,114
3072,team,O,114
3073,of,O,114
3074,researchers,O,114
3075,from,O,114
3076,Namibia,O,114
3077,and,O,114
3078,Angola,O,114
3079,who,O,114
3080,aimed,O,114
3081,to,O,114
3082,investigate,O,114
3083,the,O,114
3084,biodiversity,O,114
3085,and,O,114
3086,endemism,O,114
3087,on,O,114
3088,some,O,114
3089,of,O,114
3090,the,O,114
3091,most,O,114
3092,remote,O,114
3093,peaks,O,114
3094,.,O,114
3095,Nature's,O,115
3096,symphony,O,115
3097,plays,O,115
3098,on,O,115
3099,",",O,115
3100,from,O,115
3101,the,O,115
3102,snowy,O,115
3103,slopes,O,115
3104,of,O,115
3105,the,O,115
3106,Swiss,O,115
3107,Alps,O,115
3108,",",O,115
3109,where,O,115
3110,the,O,115
3111,Matterhorn,B-MOUNT,115
3112,reigns,O,115
3113,supreme,O,115
3114,",",O,115
3115,to,O,115
3116,the,O,115
3117,sprawling,O,115
3118,vistas,O,115
3119,of,O,115
3120,the,O,115
3121,Southern,O,115
3122,Alps,O,115
3123,in,O,115
3124,New,O,115
3125,Zealand,O,115
3126,",",O,115
3127,home,O,115
3128,to,O,115
3129,the,O,115
3130,majestic,O,115
3131,Aoraki,B-MOUNT,115
3132,/,I-MOUNT,115
3133,Mount,I-MOUNT,115
3134,Cook,I-MOUNT,115
3135,.,O,115
3136,Two,O,116
3137,were,O,116
3138,in,O,116
3139,Angola,O,116
3140,–,O,116
3141,Serra,B-MOUNT,116
3142,Cafema,I-MOUNT,116
3143,and,O,116
3144,Serra,B-MOUNT,116
3145,Tchamalindi,I-MOUNT,116
3146,in,O,116
3147,Iona,B-MOUNT,116
3148,National,I-MOUNT,116
3149,Park,I-MOUNT,116
3150,–,O,116
3151,and,O,116
3152,one,O,116
3153,was,O,116
3154,in,O,116
3155,the,O,116
3156,Otjihipa,B-MOUNT,116
3157,range,O,116
3158,of,O,116
3159,Namibia,O,116
3160,.,O,116
3161,As,O,117
3162,stewards,O,117
3163,of,O,117
3164,this,O,117
3165,living,O,117
3166,legacy,O,117
3167,",",O,117
3168,let,O,117
3169,us,O,117
3170,embrace,O,117
3171,the,O,117
3172,responsibility,O,117
3173,to,O,117
3174,preserve,O,117
3175,and,O,117
3176,protect,O,117
3177,these,O,117
3178,sacred,O,117
3179,landscapes,O,117
3180,so,O,117
3181,that,O,117
3182,the,O,117
3183,majesty,O,117
3184,of,O,117
3185,our,O,117
3186,planet's,O,117
3187,mountains,O,117
3188,endures,O,117
3189,for,O,117
3190,generations,O,117
3191,to,O,117
3192,come,O,117
3193,.,O,117
3194,Its,O,118
3195,symmetrical,O,118
3196,silhouette,O,118
3197,",",O,118
3198,often,O,118
3199,adorned,O,118
3200,with,O,118
3201,a,O,118
3202,dusting,O,118
3203,of,O,118
3204,snow,O,118
3205,",",O,118
3206,has,O,118
3207,inspired,O,118
3208,poets,O,118
3209,and,O,118
3210,artists,O,118
3211,for,O,118
3212,centuries,O,118
3213,",",O,118
3214,embodying,O,118
3215,a,O,118
3216,sense,O,118
3217,of,O,118
3218,serene,O,118
3219,majesty,O,118
3220,that,O,118
3221,transcends,O,118
3222,time,O,118
3223,.,O,118
3224,In,O,119
3225,the,O,119
3226,fascinating,O,119
3227,realm,O,119
3228,of,O,119
3229,geology,O,119
3230,",",O,119
3231,where,O,119
3232,the,O,119
3233,Earth's,O,119
3234,ancient,O,119
3235,history,O,119
3236,is,O,119
3237,written,O,119
3238,in,O,119
3239,stone,O,119
3240,and,O,119
3241,rock,O,119
3242,",",O,119
3243,the,O,119
3244,diverse,O,119
3245,landscapes,O,119
3246,that,O,119
3247,grace,O,119
3248,our,O,119
3249,planet,O,119
3250,are,O,119
3251,the,O,119
3252,result,O,119
3253,of,O,119
3254,a,O,119
3255,dynamic,O,119
3256,interplay,O,119
3257,of,O,119
3258,forces,O,119
3259,over,O,119
3260,millions,O,119
3261,of,O,119
3262,years,O,119
3263,.,O,119
3264,Crossing,O,120
3265,the,O,120
3266,vast,O,120
3267,Pacific,O,120
3268,",",O,120
3269,the,O,120
3270,Southern,B-MOUNT,120
3271,Alps,I-MOUNT,120
3272,of,O,120
3273,New,B-MOUNT,120
3274,Zealand,I-MOUNT,120
3275,unveil,O,120
3276,their,O,120
3277,splendor,O,120
3278,",",O,120
3279,with,O,120
3280,Aoraki,B-MOUNT,120
3281,/,I-MOUNT,120
3282,Mount,I-MOUNT,120
3283,Cook,I-MOUNT,120
3284,piercing,O,120
3285,the,O,120
3286,cerulean,O,120
3287,sky,O,120
3288,.,O,120
3289,Nature's,O,121
3290,wonders,O,121
3291,are,O,121
3292,not,O,121
3293,confined,O,121
3294,to,O,121
3295,distant,O,121
3296,peaks,O,121
3297,alone,O,121
3298,;,O,121
3299,they,O,121
3300,also,O,121
3301,weave,O,121
3302,their,O,121
3303,magic,O,121
3304,in,O,121
3305,the,O,121
3306,gentle,O,121
3307,rustle,O,121
3308,of,O,121
3309,leaves,O,121
3310,in,O,121
3311,a,O,121
3312,Japanese,O,121
3313,maple,O,121
3314,forest,O,121
3315,",",O,121
3316,the,O,121
3317,undulating,O,121
3318,sand,O,121
3319,dunes,O,121
3320,of,O,121
3321,the,O,121
3322,Sahara,O,121
3323,",",O,121
3324,and,O,121
3325,the,O,121
3326,rhythmic,O,121
3327,crash,O,121
3328,of,O,121
3329,waves,O,121
3330,against,O,121
3331,the,O,121
3332,cliffs,O,121
3333,of,O,121
3334,the,O,121
3335,Great,B-MOUNT,121
3336,Ocean,I-MOUNT,121
3337,Road,I-MOUNT,121
3338,.,O,121
3339,Nature's,O,122
3340,artistry,O,122
3341,extends,O,122
3342,beyond,O,122
3343,the,O,122
3344,realm,O,122
3345,of,O,122
3346,mountains,O,122
3347,",",O,122
3348,embracing,O,122
3349,the,O,122
3350,rolling,O,122
3351,hills,O,122
3352,of,O,122
3353,Tuscany,O,122
3354,",",O,122
3355,the,O,122
3356,ancient,O,122
3357,rainforests,O,122
3358,of,O,122
3359,the,O,122
3360,Amazon,O,122
3361,",",O,122
3362,and,O,122
3363,the,O,122
3364,coral,O,122
3365,gardens,O,122
3366,of,O,122
3367,the,O,122
3368,Great,B-MOUNT,122
3369,Barrier,I-MOUNT,122
3370,Reef,I-MOUNT,122
3371,.,O,122
3372,Kyiv,O,123
3373,",",O,123
3374,the,O,123
3375,capital,O,123
3376,city,O,123
3377,",",O,123
3378,stands,O,123
3379,as,O,123
3380,a,O,123
3381,vibrant,O,123
3382,metropolis,O,123
3383,that,O,123
3384,bridges,O,123
3385,the,O,123
3386,past,O,123
3387,and,O,123
3388,the,O,123
3389,present,O,123
3390,.,O,123
3391,The,O,124
3392,Carpathians,B-MOUNT,124
3393,",",O,124
3394,with,O,124
3395,their,O,124
3396,lush,O,124
3397,forests,O,124
3398,and,O,124
3399,meandering,O,124
3400,rivers,O,124
3401,",",O,124
3402,offer,O,124
3403,a,O,124
3404,retreat,O,124
3405,for,O,124
3406,nature,O,124
3407,enthusiasts,O,124
3408,",",O,124
3409,hikers,O,124
3410,",",O,124
3411,and,O,124
3412,those,O,124
3413,seeking,O,124
3414,a,O,124
3415,tranquil,O,124
3416,escape,O,124
3417,.,O,124
3418,The,O,125
3419,jeep,O,125
3420,ride,O,125
3421,was,O,125
3422,a,O,125
3423,test,O,125
3424,of,O,125
3425,my,O,125
3426,nerves,O,125
3427,and,O,125
3428,the,O,125
3429,skill,O,125
3430,level,O,125
3431,of,O,125
3432,the,O,125
3433,driver,O,125
3434,as,O,125
3435,we,O,125
3436,met,O,125
3437,winding,O,125
3438,paths,O,125
3439,and,O,125
3440,steep,O,125
3441,ascents,O,125
3442,From,O,126
3443,the,O,126
3444,sprawling,O,126
3445,plains,O,126
3446,of,O,126
3447,the,O,126
3448,west,O,126
3449,to,O,126
3450,the,O,126
3451,majestic,O,126
3452,mountains,O,126
3453,in,O,126
3454,the,O,126
3455,south,O,126
3456,",",O,126
3457,Ukraine,O,126
3458,captivates,O,126
3459,with,O,126
3460,its,O,126
3461,multifaceted,O,126
3462,beauty,O,126
3463,.,O,126
3464,The,O,127
3465,colorful,O,127
3466,patterns,O,127
3467,and,O,127
3468,intricate,O,127
3469,designs,O,127
3470,tell,O,127
3471,stories,O,127
3472,of,O,127
3473,folklore,O,127
3474,",",O,127
3475,mythology,O,127
3476,",",O,127
3477,and,O,127
3478,the,O,127
3479,enduring,O,127
3480,spirit,O,127
3481,of,O,127
3482,a,O,127
3483,people,O,127
3484,proud,O,127
3485,of,O,127
3486,their,O,127
3487,heritage,O,127
3488,.,O,127
3489,Peaks,O,129
3490,like,O,129
3491,Hoverla,B-MOUNT,129
3492,",",O,129
3493,the,O,129
3494,highest,O,129
3495,point,O,129
3496,in,O,129
3497,Ukraine,O,129
3498,",",O,129
3499,and,O,129
3500,Petros,B-MOUNT,129
3501,provide,O,129
3502,a,O,129
3503,stunning,O,129
3504,backdrop,O,129
3505,to,O,129
3506,the,O,129
3507,charming,O,129
3508,villages,O,129
3509,and,O,129
3510,pristine,O,129
3511,alpine,O,129
3512,meadows,O,129
3513,that,O,129
3514,characterize,O,129
3515,the,O,129
3516,region,O,129
3517,.,O,129
3518,These,O,130
3519,granite,O,130
3520,sentinels,O,130
3521,",",O,130
3522,shaped,O,130
3523,by,O,130
3524,the,O,130
3525,forces,O,130
3526,of,O,130
3527,time,O,130
3528,and,O,130
3529,weather,O,130
3530,",",O,130
3531,command,O,130
3532,reverence,O,130
3533,and,O,130
3534,admiration,O,130
3535,from,O,130
3536,all,O,130
3537,who,O,130
3538,behold,O,130
3539,them,O,130
3540,.,O,130
3541,For,O,131
3542,in,O,131
3543,the,O,131
3544,embrace,O,131
3545,of,O,131
3546,nature,O,131
3547,",",O,131
3548,we,O,131
3549,discover,O,131
3550,not,O,131
3551,only,O,131
3552,the,O,131
3553,profound,O,131
3554,beauty,O,131
3555,that,O,131
3556,surrounds,O,131
3557,us,O,131
3558,but,O,131
3559,also,O,131
3560,the,O,131
3561,delicate,O,131
3562,balance,O,131
3563,that,O,131
3564,sustains,O,131
3565,life,O,131
3566,on,O,131
3567,this,O,131
3568,remarkable,O,131
3569,planet,O,131
3570,.,O,131
3571,The,O,132
3572,collision,O,132
3573,between,O,132
3574,the,O,132
3575,African,O,132
3576,and,O,132
3577,Eurasian,O,132
3578,plates,O,132
3579,has,O,132
3580,uplifted,O,132
3581,these,O,132
3582,iconic,O,132
3583,mountains,O,132
3584,",",O,132
3585,where,O,132
3586,peaks,O,132
3587,like,O,132
3588,Mont,B-MOUNT,132
3589,Blanc,I-MOUNT,132
3590,and,O,132
3591,the,O,132
3592,Matterhorn,B-MOUNT,132
3593,stand,O,132
3594,as,O,132
3595,geological,O,132
3596,sentinels,O,132
3597,.,O,132
3598,Crossing,O,133
3599,the,O,133
3600,equator,O,133
3601,",",O,133
3602,the,O,133
3603,Andes,B-MOUNT,133
3604,Mountains,I-MOUNT,133
3605,paint,O,133
3606,a,O,133
3607,formidable,O,133
3608,picture,O,133
3609,across,O,133
3610,the,O,133
3611,western,O,133
3612,edge,O,133
3613,of,O,133
3614,South,O,133
3615,America,O,133
3616,.,O,133
3617,In,O,134
3618,the,O,134
3619,intricate,O,134
3620,dance,O,134
3621,of,O,134
3622,ecosystems,O,134
3623,and,O,134
3624,the,O,134
3625,silent,O,134
3626,resilience,O,134
3627,of,O,134
3628,mountains,O,134
3629,",",O,134
3630,we,O,134
3631,find,O,134
3632,a,O,134
3633,reminder,O,134
3634,of,O,134
3635,our,O,134
3636,shared,O,134
3637,responsibility,O,134
3638,to,O,134
3639,preserve,O,134
3640,the,O,134
3641,wonders,O,134
3642,that,O,134
3643,have,O,134
3644,captivated,O,134
3645,the,O,134
3646,human,O,134
3647,spirit,O,134
3648,for,O,134
3649,generations,O,134
3650,.,O,134
3651,Through,O,135
3652,an,O,135
3653,EU-funded,O,135
3654,transfrontier,O,135
3655,conservation,O,135
3656,project,O,135
3657,",",O,135
3658,SCIONA,O,135
3659,",",O,135
3660,we,O,135
3661,had,O,135
3662,the,O,135
3663,opportunity,O,135
3664,to,O,135
3665,use,O,135
3666,the,O,135
3667,only,O,135
3668,safe,O,135
3669,option,O,135
3670,to,O,135
3671,get,O,135
3672,to,O,135
3673,the,O,135
3674,Ovahimba,B-MOUNT,135
3675,mountain,I-MOUNT,135
3676,peaks,O,135
3677,:,O,135
3678,a,O,135
3679,helicopter,O,135
3680,.,O,135
3681,Khortytsia,B-MOUNT,136
3682,Island,I-MOUNT,136
3683,in,O,136
3684,the,O,136
3685,Dnieper,B-MOUNT,136
3686,River,I-MOUNT,136
3687,",",O,136
3688,often,O,136
3689,referred,O,136
3690,to,O,136
3691,as,O,136
3692,the,O,136
3693,heart,O,136
3694,of,O,136
3695,Ukraine,O,136
3696,",",O,136
3697,is,O,136
3698,a,O,136
3699,testament,O,136
3700,to,O,136
3701,the,O,136
3702,country's,O,136
3703,historical,O,136
3704,significance,O,136
3705,.,O,136
3706,Moving,O,137
3707,westward,O,137
3708,",",O,137
3709,the,O,137
3710,Rocky,B-MOUNT,137
3711,Mountains,I-MOUNT,137
3712,in,O,137
3713,North,O,137
3714,America,O,137
3715,tell,O,137
3716,a,O,137
3717,different,O,137
3718,geological,O,137
3719,tale,O,137
3720,.,O,137
3721,The,O,138
3722,Southern,B-MOUNT,138
3723,Alps,I-MOUNT,138
3724,are,O,138
3725,a,O,138
3726,testament,O,138
3727,to,O,138
3728,the,O,138
3729,ongoing,O,138
3730,geological,O,138
3731,processes,O,138
3732,that,O,138
3733,continue,O,138
3734,to,O,138
3735,shape,O,138
3736,our,O,138
3737,world,O,138
3738,.,O,138
3739,The,O,139
3740,snow-covered,O,139
3741,peaks,O,139
3742,of,O,139
3743,Fitz,B-MOUNT,139
3744,Roy,I-MOUNT,139
3745,in,O,139
3746,Patagonia,O,139
3747,and,O,139
3748,Ojos,B-MOUNT,139
3749,del,I-MOUNT,139
3750,Salado,I-MOUNT,139
3751,in,O,139
3752,the,O,139
3753,Atacama,O,139
3754,Desert,O,139
3755,add,O,139
3756,drama,O,139
3757,to,O,139
3758,the,O,139
3759,wild,O,139
3760,landscapes,O,139
3761,of,O,139
3762,Chile,O,139
3763,and,O,139
3764,Argentina,O,139
3765,",",O,139
3766,inviting,O,139
3767,adventurers,O,139
3768,to,O,139
3769,explore,O,139
3770,the,O,139
3771,remote,O,139
3772,corners,O,139
3773,of,O,139
3774,this,O,139
3775,majestic,O,139
3776,mountain,O,139
3777,range,O,139
3778,.,O,139
3779,Through,O,140
3780,mindful,O,140
3781,conservation,O,140
3782,and,O,140
3783,sustainable,O,140
3784,practices,O,140
3785,",",O,140
3786,we,O,140
3787,can,O,140
3788,ensure,O,140
3789,that,O,140
3790,future,O,140
3791,generations,O,140
3792,will,O,140
3793,continue,O,140
3794,to,O,140
3795,marvel,O,140
3796,at,O,140
3797,the,O,140
3798,awe-inspiring,O,140
3799,beauty,O,140
3800,of,O,140
3801,the,O,140
3802,world's,O,140
3803,mountains,O,140
3804,",",O,140
3805,a,O,140
3806,testament,O,140
3807,to,O,140
3808,the,O,140
3809,enduring,O,140
3810,power,O,140
3811,and,O,140
3812,resilience,O,140
3813,of,O,140
3814,the,O,140
3815,natural,O,140
3816,world,O,140
3817,.,O,140
3818,Crossing,O,141
3819,the,O,141
3820,equator,O,141
3821,",",O,141
3822,the,O,141
3823,Rwenzori,B-MOUNT,141
3824,Mountains,I-MOUNT,141
3825,in,O,141
3826,Africa,O,141
3827,",",O,141
3828,often,O,141
3829,shrouded,O,141
3830,in,O,141
3831,mist,O,141
3832,",",O,141
3833,reveal,O,141
3834,the,O,141
3835,enchanting,O,141
3836,beauty,O,141
3837,of,O,141
3838,Mount,B-MOUNT,141
3839,Stanley,I-MOUNT,141
3840,.,O,141
3841,Imagine,O,142
3842,standing,O,142
3843,amidst,O,142
3844,the,O,142
3845,iconic,O,142
3846,peaks,O,142
3847,of,O,142
3848,the,O,142
3849,Swiss,O,142
3850,Alps,B-MOUNT,142
3851,",",O,142
3852,where,O,142
3853,the,O,142
3854,Matterhorn,B-MOUNT,142
3855,pierces,O,142
3856,the,O,142
3857,horizon,O,142
3858,with,O,142
3859,its,O,142
3860,pyramid,O,142
3861,silhouette,O,142
3862,",",O,142
3863,a,O,142
3864,symbol,O,142
3865,of,O,142
3866,the,O,142
3867,sublime,O,142
3868,beauty,O,142
3869,that,O,142
3870,nature,O,142
3871,can,O,142
3872,sculpt,O,142
3873,.,O,142
3874,Further,O,143
3875,east,O,143
3876,",",O,143
3877,the,O,143
3878,Carpathians,B-MOUNT,143
3879,",",O,143
3880,with,O,143
3881,peaks,O,143
3882,like,O,143
3883,Moldoveanu,B-MOUNT,143
3884,",",O,143
3885,hold,O,143
3886,secrets,O,143
3887,in,O,143
3888,their,O,143
3889,vast,O,143
3890,expanses,O,143
3891,of,O,143
3892,dense,O,143
3893,forests,O,143
3894,",",O,143
3895,providing,O,143
3896,refuge,O,143
3897,for,O,143
3898,elusive,O,143
3899,wildlife,O,143
3900,and,O,143
3901,folklore,O,143
3902,that,O,143
3903,echoes,O,143
3904,through,O,143
3905,the,O,143
3906,ages,O,143
3907,.,O,143
3908,In,O,144
3909,the,O,144
3910,timeless,O,144
3911,embrace,O,144
3912,of,O,144
3913,nature,O,144
3914,",",O,144
3915,where,O,144
3916,the,O,144
3917,Earth's,O,144
3918,canvas,O,144
3919,unfolds,O,144
3920,in,O,144
3921,vibrant,O,144
3922,hues,O,144
3923,and,O,144
3924,majestic,O,144
3925,forms,O,144
3926,",",O,144
3927,one,O,144
3928,discovers,O,144
3929,the,O,144
3930,awe-inspiring,O,144
3931,beauty,O,144
3932,that,O,144
3933,transcends,O,144
3934,borders,O,144
3935,and,O,144
3936,speaks,O,144
3937,to,O,144
3938,the,O,144
3939,soul,O,144
3940,.,O,144
3941,Turning,O,145
3942,our,O,145
3943,gaze,O,145
3944,to,O,145
3945,Europe,O,145
3946,",",O,145
3947,the,O,145
3948,Pyrenees,B-MOUNT,145
3949,form,O,145
3950,a,O,145
3951,natural,O,145
3952,border,O,145
3953,between,O,145
3954,Spain,O,145
3955,and,O,145
3956,France,O,145
3957,",",O,145
3958,their,O,145
3959,craggy,O,145
3960,ridges,O,145
3961,inviting,O,145
3962,intrepid,O,145
3963,hikers,O,145
3964,to,O,145
3965,explore,O,145
3966,their,O,145
3967,hidden,O,145
3968,valleys,O,145
3969,and,O,145
3970,ancient,O,145
3971,trails,O,145
3972,.,O,145
3973,Picture,O,146
3974,",",O,146
3975,for,O,146
3976,a,O,146
3977,moment,O,146
3978,",",O,146
3979,the,O,146
3980,enchanting,O,146
3981,beauty,O,146
3982,of,O,146
3983,the,O,146
3984,Andes,B-MOUNT,146
3985,Mountains,I-MOUNT,146
3986,",",O,146
3987,with,O,146
3988,peaks,O,146
3989,like,O,146
3990,Huascarán,B-MOUNT,146
3991,and,O,146
3992,Fitz,B-MOUNT,146
3993,Roy,I-MOUNT,146
3994,reaching,O,146
3995,towards,O,146
3996,the,O,146
3997,heavens,O,146
3998,in,O,146
3999,South,O,146
4000,America,O,146
4001,",",O,146
4002,their,O,146
4003,snowy,O,146
4004,crowns,O,146
4005,standing,O,146
4006,as,O,146
4007,testament,O,146
4008,to,O,146
4009,the,O,146
4010,raw,O,146
4011,power,O,146
4012,of,O,146
4013,geological,O,146
4014,forces,O,146
4015,.,O,146
4016,The,O,147
4017,Himalayas,B-MOUNT,147
4018,",",O,147
4019,with,O,147
4020,their,O,147
4021,towering,O,147
4022,summits,O,147
4023,and,O,147
4024,deep,O,147
4025,valleys,O,147
4026,",",O,147
4027,stand,O,147
4028,as,O,147
4029,a,O,147
4030,testament,O,147
4031,to,O,147
4032,the,O,147
4033,immense,O,147
4034,forces,O,147
4035,shaping,O,147
4036,the,O,147
4037,planet's,O,147
4038,crust,O,147
4039,.,O,147
4040,Picture,O,148
4041,the,O,148
4042,rugged,O,148
4043,silhouette,O,148
4044,of,O,148
4045,Mount,B-MOUNT,148
4046,Kenya,I-MOUNT,148
4047,",",O,148
4048,standing,O,148
4049,proudly,O,148
4050,in,O,148
4051,the,O,148
4052,heart,O,148
4053,of,O,148
4054,East,O,148
4055,Africa,O,148
4056,.,O,148
4057,Its,O,149
4058,iconic,O,149
4059,silhouette,O,149
4060,presides,O,149
4061,over,O,149
4062,vast,O,149
4063,savannas,O,149
4064,",",O,149
4065,and,O,149
4066,its,O,149
4067,glaciers,O,149
4068,hint,O,149
4069,at,O,149
4070,the,O,149
4071,climatic,O,149
4072,contrasts,O,149
4073,that,O,149
4074,characterize,O,149
4075,this,O,149
4076,ancient,O,149
4077,land,O,149
4078,.,O,149
4079,The,O,150
4080,iconic,O,150
4081,Aconcagua,B-MOUNT,150
4082,",",O,150
4083,piercing,O,150
4084,the,O,150
4085,Argentinian,O,150
4086,sky,O,150
4087,",",O,150
4088,stands,O,150
4089,as,O,150
4090,the,O,150
4091,highest,O,150
4092,peak,O,150
4093,in,O,150
4094,the,O,150
4095,Southern,O,150
4096,Hemisphere,O,150
4097,",",O,150
4098,its,O,150
4099,presence,O,150
4100,felt,O,150
4101,in,O,150
4102,the,O,150
4103,high-altitude,O,150
4104,deserts,O,150
4105,and,O,150
4106,lush,O,150
4107,valleys,O,150
4108,that,O,150
4109,cradle,O,150
4110,its,O,150
4111,slopes,O,150
4112,.,O,150
